abm/abm
adams/wood
adldemo/adldemo
admin/admin
administrator/administrator
ahl/ahl
ahm/ahm
ak/ak
alhro/xxx
alhrw/xxx
alr/alr
ams/ams
amv/amv
andy/swordfish
anonymous/anonymous
ap/ap
applmgr/applmgr
applsys/applsys
apps/apps
apps_mrc/apps
appuser/apppassword
aq/aq
aqdemo/aqdemo
aqjava/aqjava
aquser/aquser
ar/ar
asa/asa
asf/asf
asg/asg
asl/asl
aso/aso
asp/asp
ast/ast
atm/sampleatm
audiouser/audiouser
aurora$jis$utility$/invalid
aurora$orb$unauthenticated/invalid
ax/ax
az/az
bc4j/bc4j
ben/ben
bic/bic
bil/bil
bim/bim
bis/bis
biv/biv
bix/bix
blake/paper
blewis/blewis
bom/bom
brio_admin/brio_admin
brukernavn/password
bug_reports/bug_reports
calvin/hobbes
catalog/catalog
cct/cct
cdemo82/cdemo82
cdemocor/cdemocor
cdemorid/cdemorid
cdemoucb/cdemoucb
cdouglas/cdouglas
ce/ce
centra/centra
central/central
cids/cids
cis/cis
cisinfo/cisinfo
cis/zwerg
clark/cloth
clkana/<unknown>
clkrt/<unknown>
cn/cn
company/company
compiere/compiere
cqschemauser/password
cquserdbuser/password
crp/crp
csc/csc
cs/cs
csd/csd
cse/cse
csf/csf
csi/csi
csl/csl
csmig/csmig
csp/csp
csr/csr
css/css
ctxdemo/ctxdemo
ctxsys/ctxsys
cua/cua
cue/cue
cuf/cuf
cug/cug
cui/cui
cun/cun
cup/cup
cus/cus
cz/cz
data_schema/laskjdf098ksdaf09
dba_proxy/dba_proxy
dbatest/dbatest
dbi/mumblefratz
dbsnmp/dbsnmp
dbvision/dbvision
dcm/<unknown>
ddic/199220706
demo8/demo8
demo9/demo9
demo/demo
des2k/des2k
des/des
dev2000_demos/dev2000_demos
diane/passwo1
dip/dip
discoverer5/<unknown>
discoverer_admin/discoverer_admin
dmsys/dmsys
dpf/dpfpass
dsgateway/dsgateway
dssys/dssys
dtsp/dtsp
eaa/eaa
eam/eam
earlywatch/support
east/east
ec/ec
ecx/ecx
ejb/ejb
ejsadmin/ejsadmin
emp/emp
eng/eng
eni/eni
estoreuser/estore
event/event
evm/evm
example/example
exfsys/exfsys
extdemo2/extdemo2
extdemo/extdemo
fa/fa
fem/fem
fii/fii
finance/finance
finprod/finprod
flm/flm
fnd/fnd
foo/bar
fpt/fpt
frm/frm
frosty/snowman
fte/fte
fv/fv
gl/gl
gma/gma
gmd/gmd
gme/gme
gmf/gmf
gmi/gmi
gml/gml
gmp/gmp
gms/gms
gpfd/gpfd
gpld/gpld
gr/gr
hades/hades
hcpark/hcpark
hlw/hlw
hr/hr
hri/hri
hvst/hvst
hxc/hxc
hxt/hxt
iba/iba
ibe/ibe
ibp/ibp
ibu/ibu
iby/iby
icdbown/icdbown
icx/icx
idemo_user/idemo_user
ieb/ieb
iec/iec
iem/iem
ieo/ieo
ies/ies
ieu/ieu
iex/iex
ifssys/ifssys
igc/igc
igf/igf
igi/igi
igs/igs
igw/igw
imageuser/imageuser
imc/imc
imedia/imedia
imt/imt
#internal/oracle
internal/oracle
#internal/sys_stnt
internal/sys_stnt
inv/inv
ipa/ipa
ipd/ipd
iplanet/iplanet
isc/isc
itg/itg
ja/ja
jake/passwo4
je/je
jg/jg
jill/passwo2
jl/jl 
jmuser/jmuser
john/john
jones/steel
jtf/jtf
jtm/jtm
jts/jts
jward/airoplane
kwalker/kwalker
l2ldemo/l2ldemo
lbacsys/lbacsys
librarian/shelves
manprod/manprod
mark/passwo3
mascarm/manager
master/password
mddata/mddata
mddemo_clerk/clerk
mddemo/mddemo
mddemo_mgr/mddemo_mgr
mdsys/mdsys
me/me
mfg/mfg
mgr/mgr
mgwuser/mgwuser
migrate/migrate
miller/miller
mmo2/mmo2
modtest/yes
moreau/moreau
mrp/mrp
msc/msc
msd/msd
mso/mso
msr/msr
mtssys/mtssys
mts_user/mts_password
mwa/mwa
mxagent/mxagent
names/names
neotix_sys/neotix_sys
nneul/nneulpass
nomeutente/password
nome_utilizador/senha
nom_utilisateur/mot_de_passe
nume_utilizator/parol
oaihub902/<unknown>
oas_public/oas_public
ocitest/ocitest
ocm_db_admin/ocm_db_admin
odm_mtr/mtrpw
odm/odm
odscommon/odscommon
ods/ods
ods_server/ods_server
oe/change_on_install
oemadm/oemadm
oemrep/oemrep
oem_repository/<unknown>
oe/oe
okb/okb
okc/okc
oke/oke
oki/oki
oko/oko
okr/okr
oks/oks
okx/okx
olapdba/olapdba
olapsvr/olapsvr
olapsys/olapsys
omwb_emulation/oracle
ont/ont
oo/oo
openspirit/openspirit
opi/opi
oracache/oracache
oracle_ocm/oracle_ocm
oracle/oracle
oradba/oradbapass
orange/<unknown>
oraprobe/oraprobe
oraregsys/oraregsys
orasso_ds/orasso_ds
orasso/orasso
orasso_pa/orasso_pa
orasso_ps/orasso_ps
orasso_public/orasso_public
orastat/orastat
orcladmin/welcome
ordcommon/ordcommon
ordplugins/ordplugins
ordsys/ordsys
ose$http$admin/invalid
osm/osm
osp22/osp22
ossaq_host/<unknown>
ossaq_pub/<unknown>
ossaq_sub/<unknown>
ota/ota
outln/outln
owa/owa
owa_public/owa_public
owf_mgr/owf_mgr
owner/owner
ozf/ozf
ozp/ozp
ozs/ozs
panama/panama
pa/pa
patrol/patrol
paul/paul
perfstat/perfstat
perstat/perstat
pjm/pjm
planning/planning
plex/plex
plsql/supersecret
pmi/pmi
pm/pm
pn/pn
po7/po7
po8/po8
poa/poa
pom/pom
po/po
portal30_admin/portal30_admin
portal30_demo/portal30_demo
portal30/portal30
portal30_ps/portal30_ps
portal30_public/portal30_public
portal30_sso_admin/portal30_sso_admin
portal30_sso/portal30_sso
portal30_sso_ps/portal30_sso_ps
portal30_sso_public/portal30_sso_public
portal_app/<unknown>
portal_demo/portal_demo
portal_public/<unknown>
portal_sso_ps/portal_sso_ps
portal/<unknown>
pos/pos
powercartuser/powercartuser
primary/primary
psa/psa
psb/psb
psp/psp
pubsub1/pubsub1
pubsub/pubsub
pv/pv
qa/qa
qdba/qdba
qp/qp
qs_adm/qs_adm
qs_cbadm/change_on_install
qs_cb/qs_cb
qs_cs/change_on_install
qs_es/qs_es
qs_os/qs_os
qs/qs
qs_ws/qs_ws
repadmin/repadmin
rep_manager/demo
reports/reports
reports_user/oem_temp
rep_owner/rep_owner
rep_user/demo
re/re
rg/rg
rhx/rhx
rla/rla
rlm/rlm
rmail/rmail
rman/rman
root/root
rrs/rrs
sample/sample
sap/06071992
sapr3/sap
sap/sapr3
scott/tiger
sdos_icsap/sdos_icsap
secdemo/secdemo
serviceconsumer1/serviceconsumer1
sh/sh
si_informtn_schema/si_informtn_schema
siteminder/siteminder
slide/slidepw
spierson/spierson
ssp/ssp
starter/starter
strat_user/strat_passwd
swpro/swpro
swuser/swuser
sympa/sympa
sysadmin/sysadmin
sysadm/sysadm
sysman/sysman
sys/sys
system/system
system/welcome1
tahiti/tahiti
talbot/mt6ch5
tdos_icsap/tdos_icsap
tec/tectec
test/passwd
testpilot/testpilot
test/test
test_user/test_user
thinsample/thinsamplepw
tibco/tibco
tip37/tip37
tracesvr/trace
travel/travel
tsdev/tsdev
tsuser/tsuser
turbine/turbine
uddisys/<unknown>
ultimate/ultimate
um_admin/um_admin
um_client/um_client
user0/user0
user1/user1
user2/user2
user3/user3
user4/user4
user5/user5
user6/user6
user7/user7
user8/user8
user9/user9
user_name/password
user/user
usuario/clave
utility/utility
utlbstatu/utlestat
vea/vea
veh/veh
vertex_login/vertex_login
videouser/videouser
vif_developer/vif_dev_pwd
viruser/viruser
vpd_admin/akf7d98s2
vrr1/vrr1
webcal01/webcal01
webdb/webdb
webread/webread
websys/manager
webuser/your_pass
west/west
wfadmin/wfadmin
wh/wh
wip/wip
wireless/<unknown>
wkadmin/wkadmin
wkproxy/change_on_install
wk_proxy/<unknown>
wksys/wksys
wk_test/wk_test
wkuser/wkuser
wms/wms
wmsys/wmsys
wob/wob
wps/wps
wsh/wsh
wsm/wsm
wwwuser/wwwuser
www/www
xademo/xademo
xdb/xdb
xdp/xdp
xla/xla
xnc/xnc
xni/xni
xnm/xnm
xnp/xnp
xns/xns
xprt/xprt
xtr/xtr
